CaptureEventID,suffix
ASG0002kjm,S1/B04/B04_R1/S1_B04_R1_PICT0006.JPG
ASG0002kjn,S1/B04/B04_R1/S1_B04_R1_PICT0007.JPG
ASG0002kjo,S1/B04/B04_R1/S1_B04_R1_PICT0008.JPG
ASG0002kjp,S1/B04/B04_R1/S1_B04_R1_PICT0009.JPG
ASG0002kjs,S1/B04/B04_R1/S1_B04_R1_PICT0012.JPG
ASG0002kjt,S1/B04/B04_R1/S1_B04_R1_PICT0013.JPG
ASG0002kjx,S1/B04/B04_R1/S1_B04_R1_PICT0017.JPG
ASG0002kk0,S1/B04/B04_R1/S1_B04_R1_PICT0020.JPG
ASG0002kk9,S1/B04/B04_R1/S1_B04_R1_PICT0039.JPG
ASG0000002,S1/B05/B05_R1/S1_B05_R1_PICT0002.JPG
ASG0000007,S1/B05/B05_R1/S1_B05_R1_PICT0012.JPG
ASG0000009,S1/B05/B05_R1/S1_B05_R1_PICT0016.JPG
ASG000000a,S1/B05/B05_R1/S1_B05_R1_PICT0018.JPG
ASG000000d,S1/B05/B05_R1/S1_B05_R1_PICT0024.JPG
ASG000000e,S1/B05/B05_R1/S1_B05_R1_PICT0026.JPG
ASG000000f,S1/B05/B05_R1/S1_B05_R1_PICT0028.JPG
ASG000000m,S1/B05/B05_R1/S1_B05_R1_PICT0042.JPG
ASG000000p,S1/B05/B05_R1/S1_B05_R1_PICT0048.JPG
ASG000000t,S1/B05/B05_R1/S1_B05_R1_PICT0056.JPG
ASG000000v,S1/B05/B05_R1/S1_B05_R1_PICT0060.JPG
ASG000000w,S1/B05/B05_R1/S1_B05_R1_PICT0062.JPG
ASG000000x,S1/B05/B05_R1/S1_B05_R1_PICT0064.JPG
ASG000000y,S1/B05/B05_R1/S1_B05_R1_PICT0066.JPG
ASG000000z,
ASG0000010,S1/B05/B05_R1/S1_B05_R1_PICT0070.JPG
ASG0002kke,S1/B05/B05_R2/S1_B05_R2_PICT0008.JPG
ASG0002kkj,S1/B05/B05_R2/S1_B05_R2_PICT0023.JPG
ASG0002kkm,S1/B05/B05_R2/S1_B05_R2_PICT0032.JPG
ASG0002kkn,S1/B05/B05_R2/S1_B05_R2_PICT0035.JPG
ASG0002kko,S1/B05/B05_R2/S1_B05_R2_PICT0038.JPG
ASG0002kkq,S1/B05/B05_R2/S1_B05_R2_PICT0044.JPG
ASG0002kkx,S1/B05/B05_R3/S1_B05_R3_PICT0011.JPG
ASG0002kky,S1/B05/B05_R3/S1_B05_R3_PICT0014.JPG
ASG0002kkz,S1/B05/B05_R3/S1_B05_R3_PICT0017.JPG
ASG0002kl0,S1/B05/B05_R3/S1_B05_R3_PICT0020.JPG
ASG0002kl1,S1/B05/B05_R3/S1_B05_R3_PICT0023.JPG
ASG0002kl2,S1/B05/B05_R3/S1_B05_R3_PICT0026.JPG
ASG0002kl3,S1/B05/B05_R3/S1_B05_R3_PICT0029.JPG
ASG0002kl4,S1/B05/B05_R3/S1_B05_R3_PICT0032.JPG
ASG0002kl6,S1/B05/B05_R3/S1_B05_R3_PICT0038.JPG
ASG0002kl7,S1/B05/B05_R3/S1_B05_R3_PICT0041.JPG
ASG0002kl9,S1/B05/B05_R3/S1_B05_R3_PICT0047.JPG
ASG0002kla,S1/B05/B05_R3/S1_B05_R3_PICT0050.JPG
ASG0002klb,S1/B05/B05_R3/S1_B05_R3_PICT0053.JPG
ASG0002klc,S1/B05/B05_R3/S1_B05_R3_PICT0056.JPG
ASG0002klg,S1/B05/B05_R3/S1_B05_R3_PICT0068.JPG
ASG0002kli,S1/B05/B05_R3/S1_B05_R3_PICT0074.JPG
ASG0002kln,S1/B05/B05_R3/S1_B05_R3_PICT0089.JPG
ASG0002klp,S1/B05/B05_R3/S1_B05_R3_PICT0095.JPG
ASG0002klq,S1/B05/B05_R3/S1_B05_R3_PICT0098.JPG
ASG0002klu,S1/B05/B05_R3/S1_B05_R3_PICT0110.JPG
ASG0002kly,S1/B05/B05_R3/S1_B05_R3_PICT0122.JPG
ASG0002klz,S1/B05/B05_R3/S1_B05_R3_PICT0125.JPG
ASG0002km1,S1/B05/B05_R3/S1_B05_R3_PICT0131.JPG
ASG0002km4,S1/B05/B05_R3/S1_B05_R3_PICT0140.JPG
ASG0002kmb,S1/B05/B05_R3/S1_B05_R3_PICT0161.JPG
ASG0002kmg,S1/B05/B05_R3/S1_B05_R3_PICT0176.JPG
ASG0002kmj,S1/B05/B05_R3/S1_B05_R3_PICT0185.JPG
ASG0002kmk,S1/B05/B05_R3/S1_B05_R3_PICT0188.JPG
ASG0002kmp,S1/B05/B05_R3/S1_B05_R3_PICT0203.JPG
ASG0002kmq,S1/B05/B05_R3/S1_B05_R3_PICT0206.JPG
ASG0002kmr,S1/B05/B05_R3/S1_B05_R3_PICT0209.JPG
ASG0002kmu,S1/B05/B05_R3/S1_B05_R3_PICT0218.JPG
ASG0002kmw,S1/B05/B05_R3/S1_B05_R3_PICT0224.JPG
ASG0002kmx,S1/B05/B05_R3/S1_B05_R3_PICT0227.JPG
ASG0002kmy,S1/B05/B05_R3/S1_B05_R3_PICT0230.JPG
ASG0002kmz,S1/B05/B05_R3/S1_B05_R3_PICT0233.JPG
ASG0002kn0,S1/B05/B05_R3/S1_B05_R3_PICT0236.JPG
ASG0002kn2,S1/B05/B05_R3/S1_B05_R3_PICT0242.JPG
ASG0002kn3,S1/B05/B05_R3/S1_B05_R3_PICT0245.JPG
ASG0002kn6,S1/B05/B05_R3/S1_B05_R3_PICT0254.JPG
ASG0002kn7,S1/B05/B05_R3/S1_B05_R3_PICT0257.JPG
ASG0002kn9,S1/B05/B05_R3/S1_B05_R3_PICT0263.JPG
ASG0002kna,S1/B05/B05_R3/S1_B05_R3_PICT0266.JPG
ASG0002knc,S1/B05/B05_R3/S1_B05_R3_PICT0272.JPG
ASG0002knd,S1/B05/B05_R3/S1_B05_R3_PICT0275.JPG
ASG0002kng,S1/B05/B05_R3/S1_B05_R3_PICT0284.JPG
ASG0002knh,S1/B05/B05_R3/S1_B05_R3_PICT0287.JPG
ASG0002kni,S1/B05/B05_R3/S1_B05_R3_PICT0290.JPG
ASG0002knj,S1/B05/B05_R3/S1_B05_R3_PICT0293.JPG
ASG0002knk,S1/B05/B05_R3/S1_B05_R3_PICT0296.JPG
ASG0002knl,S1/B05/B05_R3/S1_B05_R3_PICT0299.JPG
ASG0002kno,S1/B05/B05_R3/S1_B05_R3_PICT0308.JPG
ASG0002knw,S1/B05/B05_R3/S1_B05_R3_PICT0332.JPG
ASG0002ko1,S1/B05/B05_R3/S1_B05_R3_PICT0347.JPG
ASG0002ko3,S1/B05/B05_R3/S1_B05_R3_PICT0353.JPG
ASG0002ko4,S1/B05/B05_R3/S1_B05_R3_PICT0356.JPG
ASG0002ko5,S1/B05/B05_R3/S1_B05_R3_PICT0359.JPG
ASG0002ko8,S1/B05/B05_R3/S1_B05_R3_PICT0368.JPG
ASG0002ko9,S1/B05/B05_R3/S1_B05_R3_PICT0371.JPG
ASG0002kob,S1/B05/B05_R3/S1_B05_R3_PICT0377.JPG
ASG0002koc,S1/B05/B05_R3/S1_B05_R3_PICT0380.JPG
ASG0002kod,S1/B05/B05_R3/S1_B05_R3_PICT0383.JPG
ASG0002kof,S1/B05/B05_R3/S1_B05_R3_PICT0389.JPG
ASG0002kol,S1/B05/B05_R3/S1_B05_R3_PICT0407.JPG
ASG0002koo,S1/B05/B05_R3/S1_B05_R3_PICT0416.JPG
ASG0002kop,S1/B05/B05_R3/S1_B05_R3_PICT0419.JPG
ASG0002koq,S1/B05/B05_R3/S1_B05_R3_PICT0422.JPG
ASG0002kor,S1/B05/B05_R3/S1_B05_R3_PICT0425.JPG
ASG0002kos,S1/B05/B05_R3/S1_B05_R3_PICT0428.JPG
ASG0002kot,S1/B05/B05_R3/S1_B05_R3_PICT0431.JPG
ASG0002kow,S1/B05/B05_R3/S1_B05_R3_PICT0440.JPG
ASG0002koy,S1/B05/B05_R3/S1_B05_R3_PICT0446.JPG
ASG0002koz,S1/B05/B05_R3/S1_B05_R3_PICT0449.JPG
ASG0002kp0,S1/B05/B05_R3/S1_B05_R3_PICT0452.JPG
ASG0002kp1,S1/B05/B05_R3/S1_B05_R3_PICT0455.JPG
ASG0002kp2,S1/B05/B05_R3/S1_B05_R3_PICT0458.JPG
ASG0002kp3,S1/B05/B05_R3/S1_B05_R3_PICT0461.JPG
ASG0002kp6,S1/B05/B05_R3/S1_B05_R3_PICT0470.JPG
ASG0002kp7,S1/B05/B05_R3/S1_B05_R3_PICT0473.JPG
ASG0002kpb,S1/B05/B05_R3/S1_B05_R3_PICT0485.JPG
ASG0002kpc,S1/B05/B05_R3/S1_B05_R3_PICT0488.JPG
ASG0002kpg,S1/B05/B05_R3/S1_B05_R3_PICT0500.JPG
ASG0000019,S1/B06/B06_R1/S1_B06_R1_PICT0007.JPG
ASG000001a,S1/B06/B06_R1/S1_B06_R1_PICT0008.JPG
ASG000001b,S1/B06/B06_R1/S1_B06_R1_PICT0009.JPG
ASG000001d,S1/B06/B06_R1/S1_B06_R1_PICT0011.JPG
ASG000001h,S1/B06/B06_R1/S1_B06_R1_PICT0015.JPG
ASG000001k,S1/B06/B06_R1/S1_B06_R1_PICT0018.JPG
ASG000001m,S1/B06/B06_R1/S1_B06_R1_PICT0020.JPG
ASG000001t,S1/B06/B06_R1/S1_B06_R1_PICT0027.JPG
ASG000001u,S1/B06/B06_R1/S1_B06_R1_PICT0028.JPG
ASG000001x,S1/B06/B06_R1/S1_B06_R1_PICT0031.JPG
ASG0000023,S1/B06/B06_R1/S1_B06_R1_PICT0037.JPG
ASG0000025,S1/B06/B06_R1/S1_B06_R1_PICT0039.JPG
ASG0000026,S1/B06/B06_R1/S1_B06_R1_PICT0040.JPG
ASG000002c,S1/B06/B06_R1/S1_B06_R1_PICT0046.JPG
ASG000002e,S1/B06/B06_R1/S1_B06_R1_PICT0048.JPG
ASG000002m,S1/B06/B06_R1/S1_B06_R1_PICT0056.JPG
ASG000002n,S1/B06/B06_R1/S1_B06_R1_PICT0057.JPG
ASG000002o,S1/B06/B06_R1/S1_B06_R1_PICT0058.JPG
ASG000002q,S1/B06/B06_R1/S1_B06_R1_PICT0060.JPG
ASG000002s,S1/B06/B06_R1/S1_B06_R1_PICT0062.JPG
ASG000002t,S1/B06/B06_R1/S1_B06_R1_PICT0063.JPG
ASG000002u,S1/B06/B06_R1/S1_B06_R1_PICT0064.JPG
ASG000002y,S1/B06/B06_R1/S1_B06_R1_PICT0068.JPG
ASG0000030,S1/B06/B06_R1/S1_B06_R1_PICT0070.JPG
ASG0000031,S1/B06/B06_R1/S1_B06_R1_PICT0071.JPG
ASG0000033,S1/B06/B06_R1/S1_B06_R1_PICT0073.JPG
ASG0000036,S1/B06/B06_R1/S1_B06_R1_PICT0076.JPG
ASG0000038,S1/B06/B06_R1/S1_B06_R1_PICT0078.JPG
ASG0002kpr,S1/B06/B06_R2/S1_B06_R2_PICT0006.JPG
ASG0002kpt,S1/B06/B06_R2/S1_B06_R2_PICT0012.JPG
ASG0002kpw,S1/B06/B06_R2/S1_B06_R2_PICT0021.JPG
ASG0002kpx,S1/B06/B06_R2/S1_B06_R2_PICT0024.JPG
ASG0002kpy,S1/B06/B06_R2/S1_B06_R2_PICT0027.JPG
ASG0002kpz,S1/B06/B06_R2/S1_B06_R2_PICT0030.JPG
ASG0002kq0,S1/B06/B06_R2/S1_B06_R2_PICT0033.JPG
ASG0002kq2,S1/B06/B06_R2/S1_B06_R2_PICT0039.JPG
ASG0002kq4,S1/B06/B06_R2/S1_B06_R2_PICT0045.JPG
ASG0002kq5,S1/B06/B06_R2/S1_B06_R2_PICT0048.JPG
ASG0002kq7,S1/B06/B06_R2/S1_B06_R2_PICT0054.JPG
ASG0002kq8,S1/B06/B06_R2/S1_B06_R2_PICT0057.JPG
ASG0002kq9,S1/B06/B06_R2/S1_B06_R2_PICT0060.JPG
ASG0002kqq,S1/B06/B06_R3/S1_B06_R3_PICT0017.JPG
ASG0002kqt,S1/B06/B06_R3/S1_B06_R3_PICT0026.JPG
ASG0002kqu,S1/B06/B06_R3/S1_B06_R3_PICT0029.JPG
ASG0002kqv,S1/B06/B06_R3/S1_B06_R3_PICT0032.JPG
ASG0002kqw,S1/B06/B06_R3/S1_B06_R3_PICT0035.JPG
ASG0002kqz,S1/B06/B06_R3/S1_B06_R3_PICT0044.JPG
ASG0002kr1,S1/B06/B06_R3/S1_B06_R3_PICT0050.JPG
ASG0002kr2,S1/B06/B06_R3/S1_B06_R3_PICT0053.JPG
ASG0002kr5,S1/B06/B06_R3/S1_B06_R3_PICT0062.JPG
ASG0002kr6,S1/B06/B06_R3/S1_B06_R3_PICT0065.JPG
ASG0002kr7,S1/B06/B06_R3/S1_B06_R3_PICT0068.JPG
ASG0002kra,S1/B06/B06_R3/S1_B06_R3_PICT0077.JPG
ASG0002krc,S1/B06/B06_R3/S1_B06_R3_PICT0083.JPG
ASG0002krd,S1/B06/B06_R3/S1_B06_R3_PICT0086.JPG
ASG0002kre,S1/B06/B06_R3/S1_B06_R3_PICT0089.JPG
ASG0002krf,S1/B06/B06_R3/S1_B06_R3_PICT0092.JPG
ASG0002krg,S1/B06/B06_R3/S1_B06_R3_PICT0095.JPG
ASG0002krh,S1/B06/B06_R3/S1_B06_R3_PICT0098.JPG
ASG0002krl,S1/B06/B06_R3/S1_B06_R3_PICT0110.JPG
ASG0002krq,S1/B06/B06_R3/S1_B06_R3_PICT0125.JPG
ASG0002krt,S1/B06/B06_R3/S1_B06_R3_PICT0134.JPG
ASG0002kry,S1/B06/B06_R3/S1_B06_R3_PICT0149.JPG
ASG0002ks0,S1/B06/B06_R3/S1_B06_R3_PICT0155.JPG
ASG0002ks1,S1/B06/B06_R3/S1_B06_R3_PICT0158.JPG
ASG0002ks2,S1/B06/B06_R3/S1_B06_R3_PICT0161.JPG
ASG0002ks3,S1/B06/B06_R3/S1_B06_R3_PICT0164.JPG
ASG0002ks5,S1/B06/B06_R3/S1_B06_R3_PICT0170.JPG
ASG0002ksb,S1/B06/B06_R3/S1_B06_R3_PICT0188.JPG
ASG0002ksc,S1/B06/B06_R3/S1_B06_R3_PICT0191.JPG
ASG0002ksd,S1/B06/B06_R3/S1_B06_R3_PICT0194.JPG
ASG0002ksg,S1/B06/B06_R3/S1_B06_R3_PICT0203.JPG
ASG0002l9y,S1/B07/B07_R1/S1_B07_R1_PICT0006.JPG
ASG0002la1,S1/B07/B07_R1/S1_B07_R1_PICT0015.JPG
ASG0002la2,S1/B07/B07_R1/S1_B07_R1_PICT0018.JPG
ASG0002la3,S1/B07/B07_R1/S1_B07_R1_PICT0021.JPG
ASG0002la4,S1/B07/B07_R1/S1_B07_R1_PICT0024.JPG
ASG0002la5,S1/B07/B07_R1/S1_B07_R1_PICT0027.JPG
ASG0002la8,S1/B07/B07_R1/S1_B07_R1_PICT0036.JPG
ASG0002la9,S1/B07/B07_R1/S1_B07_R1_PICT0039.JPG
ASG0002laa,S1/B07/B07_R1/S1_B07_R1_PICT0042.JPG
ASG0002lac,S1/B07/B07_R1/S1_B07_R1_PICT0048.JPG
ASG0002lad,S1/B07/B07_R1/S1_B07_R1_PICT0051.JPG
ASG0002lae,S1/B07/B07_R1/S1_B07_R1_PICT0054.JPG
ASG0002lah,S1/B07/B07_R1/S1_B07_R1_PICT0063.JPG
ASG0002lai,S1/B07/B07_R1/S1_B07_R1_PICT0066.JPG
ASG0002laj,S1/B07/B07_R1/S1_B07_R1_PICT0069.JPG
